track_name	artist_name	genre	year	duration_ms	explicit
Sky	Playboi Carti	rap	2020	193230	True
melt	onna badvibes, Эндшпиль	rap	2025	189230	False
Мазафака	Yaprada	rusrap	2026	109220	True
Мама Люба	SEREBRO	ruspop	2011	242820	False
#ДРУГОЙ	MWEY	rap	2026	140900	False
GHOST	NEWLIGHTCHILD	rusrap	2024	126960	True
Paranoid	Rich Amiri	rap	2025	115330	True
DRUNK	Big Baby Tape, BUSHIDO ZHO, Scally Milano	rusrap	2026	162720	True
Без Посадки Авто Нет	SKY RAE	rusrap	2025	113160	True
YNG	YNG Martyr	rap	2025	153720	True
Man's not hot	SEEYASIDE, MLWAY	rusrap	2026	112550	True
Из ничего	Yaprada	rusrap	2024	140900	True
Lately	Fredo Bang, Seven7Hardaway	rap	2021	158110	True
SST	OG Buda, 163ONMYNECK	rusrap	2026	126980	True
ПОПРИСЕДАЙ	BABYKATE, SEKSITAKE	rusrap	2026	106380	True
Деньга	Мэйби Бэйби	rusrap	2026	95850	True
Прайм	Джарахов	rusrap	2026	130430	True
LOX	Big Baby Tape	rusrap	2026	159070	True
Full House	Aarne, Yanix	rusrap	2023	133740	True
1-800	bbno$, ironmouse	pop	2025	209520	True
BABYBARS 3	Мэйби Бэйби	rusrap	2024	142500	True
Зеркало	kizaru	rusrap	2023	152000	True
SENTE MAIS	Eternxlkz	electronics	2025	120180	False
Stuff	Lil Baby, Travis Scott	rap	2025	180660	True
Потрачу	ЕГОР КРИД	ruspop	2017	184550	False
Бинесс	Yaprada	rusrap	2024	157500	True
ДВИГАЙ	МИФЕСТ	rusrap	2024	109240	True
Polo	Yaprada	rusrap	2025	118390	True
КОЛПАКИ	КлоуКома, SQWOZ BAB	rusrap	2025	140570	True
KOOP	Big Baby Tape, OG Buda	rusrap	2026	153290	True
INDIAN	SQWOZ BAB	rusrap	2026	174510	True
Дико, например	PHARAOH	rusrap	2017	168000	True
Фул Клип	PHARAOH	rusrap	2026	168140	True
Живу как Я Хочу	Baby Melo, Мэйби Бэйби	rusrap	2025	192000	True
На стрелу	Заточка	rusrap	2018	229250	True
COW	FRIENDLY THUG 52 NGG	rusrap	2026	130370	True
Новый шериф	Заточка	rusrap	2018	229370	True
ЧЁРНАЯ ДЫРА	Neverlove	rock	2026	233140	True
КРОКОДИЛ	Neverlove	rock	2026	231420	True
ВПЕРЁД, НАТУРАЛЫ!	Neverlove	rock	2026	198850	True
SEXUGROZA	Neverlove	rock	2026	173140	True
COUNT MY BANDZ	Rich Amiri	rap	2024	123420	True
PROJECT X	Heronwater	rusrap	2022	131630	True
Oh My God!	Мэйби Бэйби	rusrap	2025	121130	True
Баня	GORILLA GLU, LIL NAKU, FLOCKAA	rusrap	2026	148040	True
BUTTERFLY EFFECT	NEWLIGHTCHILD	rusrap	2024	98920	True
effect butterfly	Baby Cute	rusrap	2026	129470	True
money flow	Baby Cute	rusrap	2024	135780	True
не расслабляйся	Скриптонит	rusrap	2024	164300	True
GOT DAMN	Gunna	rap	2024	156800	True
freedom	Baby Cute	rusrap	2026	137670	True
NO BATIDAO	ZXKAI	phonkgenre	2025	89830	False
Одиноко	ЕГОР КРИД	rusrap	2024	138000	False
him all along	Gunna	rap	2025	158660	True
BIRD VIEW (из сериала «Майор Гром: Игра против правил»)	SALUKI, SABU	rusrap	2026	138930	False
Go Off	Lil Uzi Vert, Quavo, Travis Scott	rap	2017	217560	False
Мало тебя	SEREBRO	ruspop	2013	225750	False
Анастасия	SEKSITAKE	rusrap	2026	108500	True
Swing My Way	Offset	rap	2025	179930	True
hakuna matata	Gunna	rap	2024	127860	True
fukumean	Gunna	rap	2023	125010	True
CULTURE	Aarne, Toxi$, Markul	rusrap	2025	106000	True
Город серой готики	NIKER, Markul	rusrap	2025	157290	False
Давно привык	Yaprada	rusrap	2024	122880	True
мдк	daryana, NEXTIME	ruspop	2026	112270	True
Diamonds On Me	DaniLeigh, Gunna, Yella Beezy	rnb	2020	228150	True
Биг сити лайф	Триагрутрика	rusrap	2010	232400	True
SLAY!	Eternxlkz	electronics	2024	107070	True
hooligang	Baby Cute	rusrap	2025	123750	True
200k	Baby Cute	rusrap	2025	67550	True
What Love	Laney Keyz, Calboy	rap	2021	190090	True
GESHTALT	NEWLIGHTCHILD	rusrap	2023	93690	True
Raise Your Hands	Ammotrack	hardrock	2014	181230	False
Стильно	Yaprada	rusrap	2024	126130	True
Вальс предателей	UNLUVD	ruspop	2025	163500	False
НОВАЯ ГЛАВА	MWEY	rap	2025	107320	False
Минус контроль	UNLUVD	ruspop	2025	187110	True
monday	Baby Cute	rusrap	2025	120000	True
donor	Baby Cute, N01R	rusrap	2025	85970	True
m3	Baby Cute	rusrap	2025	101640	True
ceo	Baby Cute, Молодой калуга	rusrap	2025	141810	True
mad	Baby Cute, xxxmanera	rusrap	2025	114000	True
plans	Baby Cute	rusrap	2025	120000	True
flex	Baby Cute	rusrap	2025	127050	True
polina	Baby Cute	rusrap	2025	118780	True
stalker	Baby Cute	rusrap	2025	118400	True
SOS	Yanix, Baby Cute	rusrap	2025	155780	False
SEX IN THE CLUB	Heronwater	rusrap	2025	132680	True
POP/STARS	K/DA, Madison Beer, i-dle, Jaira Burns, League of Legends	pop	2018	191100	False
Подлец	UNLUVD	ruspop	2025	136610	False
juice	daryana	ruspop	2024	107610	True
СВЕТЛАНА!	NEXTIME	rusrap	2025	96000	True
БАЗА	GONE.Fludd, CAKEBOY, ЛАУД	rusrap	2025	130360	True
Бада бум	Miyagi, Namo Minigun	rusrap	2017	228000	False
Покажи как ты танцуешь	Voskresenskii, SALUKI	rusrap	2025	162680	True
ЗДРАВСТВУЙТЕ	ЕГОР КРИД, OG Buda	rusrap	2021	136000	True
We Gotta Get Love	ЕГОР КРИД	ruspop	2022	134140	True
Вечность	Аидовские	rap	2025	171480	False
Moves Like Jagger	Maroon 5, Christina Aguilera	pop	2015	202850	True
Tokyo Drift	xavier wulf	rap	2006	90720	True
Uh Uh	NEXTIME	rusrap	2023	89600	True
На Тишке	GONE.Fludd, SEEMEE	rusrap	2025	147060	True
ZERO TOLER	GONE.Fludd	rusrap	2025	121060	True
ЗВОНОК	Baby Cute	ruspop	2021	173680	False
sippin'	Baby Cute	rusrap	2024	117210	False
10:13	PHARAOH	rusrap	2025	236370	True
Биг бой слайм	OG Buda	rusrap	2019	128000	True
SHIT TALKING	LIL MORTY	rusrap	2022	134610	True
Американо	Yaprada	rap	2025	126310	True
platina 2019	Baby Cute	rusrap	2024	105600	True
9568	Whole Lotta Swag	rusrap	2025	116800	True
Харизма	Wallem	rusrap	2024	136020	False
Princess Diana	Ice Spice, Nicki Minaj	rap	2023	172120	True
CRANK	Playboi Carti	rap	2025	147690	True
Типо Типично	dirty punk	rusrock	2025	130430	True
Гектор	ICEGERGERT	rap	2024	82280	True
Оффер	Whole Lotta Swag	rusrap	2025	136310	True
Finesse and Ferb	Glocki52, FRIENDLY THUG 52 NGG	rusrap	2023	118760	True
Eyes	Baby Cute	rap	2023	109710	True
F#CK YALL	Slattcrank	rap	2025	110230	True
П О Р Ш Е	Baby Melo	rusrap	2025	122290	True
DEZDEMONA	Baby Cute	ruspop	2021	151740	False
Музыка мафия	Баста, Смоки Мо	rusrap	2015	322850	True
Сама так хотела	Neverlove, ХЕБЕШКА	rusrock	2025	165240	True
KINGS OF STRIP CLUB	Neverlove	rusrock	2025	247860	True
YAYAYA	Dyce	rap	2025	114910	True
DOGS	SALUKI, BUSHIDO ZHO	rusrap	2024	158180	True
chess (slowed)	joyful	electronics	2025	142050	False
life force	ptasinski, RJ Pasin	electronics	2024	109440	False
Party	Baby Cute, Konfuz	rap	2025	133490	False
Вуаля	Мэйби Бэйби, Baby Cute, Дора	rusrap	2025	220870	True
God Bless	xe1to, ENTYPE	rusrap	2025	119880	True
Thumbing	Key Glock	foreignrap	2022	160240	True
Рэп, который по-лютому прёт	Баста	rusrap	2014	296470	False
Poke	FRIENDLY THUG 52 NGG	rusrap	2022	108800	True
SHEIKH	MORGENSHTERN	rusrap	2022	129640	True
БАЛТИКА	SQWOZ BAB	rusrap	2024	113680	False
Capybara	Baby Cute	rusrap	2023	134260	True
Псих	ICEGERGERT	rap	2024	133820	True
doom	onna badvibes, Miyagi	rap	2025	247000	True
Lady Slay	Мэйби Бэйби	ruspop	2025	123390	True
2027 (prod. by Mag Luzi)	REMINI	rusrap	2024	89300	True
Beat Box Flow	LIL MORTY	rusrap	2023	169500	True
Presidential (Majestic)	kizaru	rusrap	2025	151380	True
Надоело	Baby Cute	rap	2023	154220	True
Кунимэн	Neverlove	rusrock	2025	206170	True
#IChangedMyLifestyle	Baby Cute	rusrap	2025	151160	True
merci (мерси)	elyaplugg!, BUSHIDO ZHO	rusrap	2025	102810	True
Звездопад	Тимати	rusrap	2020	169740	True
Рок Стар Sh	PHARAOH	rusrap	2025	136920	True
Прошутто	SODA LUV	rusrap	2025	151200	True
Универ	Baby Cute	rusrap	2024	117330	True
KEHLANI	Jordan Adetunji	rap	2024	122400	True
10th chance	Baby Cute	ruspop	2024	131440	False
Вика	Palmdropov	alternative	2024	129670	True
ИГРЫ	Toxi$, GENSYXA	rusrap	2024	122050	True
Моя Тень и Я	kizaru	rusrap	2023	169050	True
цена	madk1d, паранойя	rusrap	2025	138300	True
Для Насилия	PHARAOH	rusrap	2025	122830	True
Russian Jordan (Alikson Team Anthem)	Desiigner, Джарахов	rusrap	2025	157450	True
Говорил	Baby Cute	rap	2023	132750	True
XOXO	Baby Cute	rusrap	2024	136820	True
White Boy Fit	LIL MORTY	rusrap	2023	154830	True
Визитка xD	dirty punk	alternative	2024	102850	True
Номера и привычки	Nice Davis, LeTai, TIGRANI	rusrap	2025	197770	False
Это пройдет	Джарахов, PIZZA	ruspop	2025	199740	False
Алло	Mag Luzi	rusrap	2024	147920	False
АНТАГОНИСТ	Lover	rusrap	2025	119730	True
По МКАДу	Wallem	ruspop	2025	122140	True
Вечеринка у бэбикьют	Baby Cute	rusrap	2025	159950	False
так по***	madk1d	rusrap	2025	108000	True
ДОМ (Лондон, Прага, Ницца)	MORGENSHTERN	rusrock	2025	153590	True
нхл ледибой	кровь из носа, Metox, Паша Техник	rap	2024	258200	True
С.К.У.Ф.	МС ПОХ	punk	2025	150040	True
BIG STACKS	SQWOZ BAB, LIL GLOCK 420	rusrap	2022	128510	True
Никто не хочет содержать	Neverlove, Vantala	rusrock	2025	142740	True
Не всё потеряно	GUF, Баста	rusrap	2009	265530	True
Ameli	Big Baby Tape, Aarne, Toxi$	rusrap	2024	179200	True
Спонсор твоих проблем	GUF, A.V.G	rusrap	2023	237100	True
OZZY	Смоки Мо, Murovei, GUF, Ноггано	rusrap	2022	318750	True
I got it	Baby Cute	rusrap	2025	115200	True
MILLION	retroyse	rnb	2024	104570	True
Gangstas	Pop Smoke	rap	2020	159970	True
The Nights	Avicii	edmgenre	2025	176650	True
Mannequin	Pop Smoke, Lil TJay	rap	2020	160560	True
VIP	NEWLIGHTCHILD	rusrap	2023	105950	True
+7(952)812	ALBLAK 52	rusrap	2023	107360	True
b*tches And Money Go	Baby Cute	rusrap	2024	141170	True
Однажды Мир Прогнется под Нас	Машина времени	rusrock	1997	194840	True
Лабиринты	Miyagi , Эндшпиль	rusrap	2016	194500	True
24	Money Man	foreignrap	2020	160950	True
КАК У НИКИ	Lover, ROLSO	rusrap	2023	102370	True
Shimmy Shimmy Ya!	Мэйби Бэйби	ruspop	2023	145690	True
Заберу	uglystephan, Scally Milano	rusrap	2023	122480	True
shock	Baby Cute, OG Buda	rusrap	2024	144540	True
Kitty Kat	Megan Thee Stallion	rap	2021	125030	True
Шуба-дуба	Neverlove	rusrock	2022	137520	True
24	Money Man, Lil Baby	foreignrap	2020	182850	True
Brush Em	Pop Smoke, Rah Swish	rap	2021	150440	True
Буква Ю	Neverlove	rusrock	2022	149330	True
Treat Me Like A Slut	Kim Petras	hyperpopgenre	2022	118150	True
tab on me	Baby Cute	rusrap	2024	136170	True
Дьявол	Neverlove	alternative	2025	215430	True
Hello	Pop Smoke, A Boogie Wit da Hoodie	rap	2020	190530	True
SAY MY GRACE	Offset, Travis Scott	rap	2023	173250	True
SLAY	Neverlove, b3brina	alternative	2025	175200	True
Midnight Queen	Nickelback	rock	2011	194740	False
Италия	Konfuz	ruspop	2024	117960	False
In Love	Miyagi , Эндшпиль, KADI	rusrap	2018	195220	True
Bad Girlfriend	Theory Of A Deadman	rock	2008	205620	True
christmas night	Baby Cute	rusrap	2024	120000	True
Честно Говоря	Baby Melo	rusrap	2024	105230	True
мегаполис	Скриптонит, Даена, Miyagi , Эндшпиль	rusrap	2024	255840	False
Stereocoma	Thomas Mraz, Oxxxymiron	rusrap	2018	247540	True
Euphoria	Miyagi , Эндшпиль, Mav-d	rusrap	2024	273770	False
ЧСВ	Lida, Серега Пират	ruspop	2024	200100	True
Бум бум бум	Neverlove, Фрося	alternative	2024	166800	True
Кремовый пирог	IROH	rusrap	2019	199460	True
Бигасс	SODA LUV	rusrap	2019	122020	True
FACETIME	INSTASAMKA, MONEYKEN	rusrap	2021	122590	True
Мой ствол	Кровосток	rusrap	2006	155170	True
Сдавать говно	Кровосток	rusrap	2006	213260	True
В туалете клуба	Neverlove	alternative	2025	163200	True
Icarus	Tamahau	electronics	2021	159600	False
Midnight Blues	kizaru, Big Moochie Grape	rusrap	2024	133000	True
I’M SORRY	Молодой Платон, xxxmanera	rusrap	2023	118880	True
Бабник	THRILL PILL	rusrap	2017	175380	True
OMEGA	PHARAOH, Destroy Lonely	rusrap	2024	181390	True
Porn Star Dancing	My Darkest Days, Chad Kroeger, Zakk Wylde	rock	2010	198960	True
Animals	Nickelback	rock	2005	186600	False
Не герой	Lizer	rusrap	2022	202430	True
Donor	xxxmanera	rap	2022	89900	True
Да хун пао	Voskresenskii, AQYLA	rusrap	2024	140670	True
ОБОРОТ! (prod. by @doublemulti, @loneestar, @silencelov)	DEVILIN	rusrap	2024	101170	True
Baby Detroit	Baby Cute	ruspop	2021	132630	False
Хардворкать	АК-47, Кравц, Красное Дерево	rusrap	2024	309170	True
KEEP UP	Odetari	dance	2024	133220	True
Jewish Is Me	Baby Cute	rusrap	2024	113780	True
Тесно	Aarne, BUSHIDO ZHO, ANIKV	rusrap	2022	132640	True
I’m So Sorry	Imagine Dragons	alternative	2015	230220	False
1.Kla$ Pt. 2	Oxxxymiron, 1.Kla$	rusrap	2023	113580	True
На Урале хорошо	АК-47	rusrap	2024	208590	False
Замер	Heronwater	rusrap	2024	134660	True
Ghostface Killers	21 Savage, Offset, Metro Boomin, Travis Scott	soundtrack	2018	268930	True
Странник	Mav-d, Эндшпиль	rusrap	2024	169840	False
MONEY TRAIN	MONEYKEN, INSTASAMKA	rap	2024	156000	False
Куртец	Кровосток	rusrap	2012	240690	True
Swim	Panmix	rap	2022	192960	False
Эй, сатана, убирайся вон	Neverlove	alternative	2024	208340	False
Starboy	The Weeknd, Daft Punk	rnb	2024	230460	True
Empire State Of Mind	Jay-Z, Alicia Keys	rap	2010	276890	True
TURN UP	Молодой Платон, Toxi$	rusrap	2023	122480	True
Hawk Em	Pop Smoke	rap	2019	118800	True
Села, значит дала	Neverlove	alternative	2024	186450	True
Нефор	Neverlove	alternative	2024	206400	True
Sexbomb	Neverlove	alternative	2024	194400	True
Альтушка	Neverlove	classicmetal	2024	229660	True
Гинеколог	Neverlove	metal	2024	159520	True
Рэпую	GONE.Fludd	rusrap	2024	146510	True
Talking to Myself	Linkin Park	numetal	2017	231300	False
Океан Бассейн Вид	PHARAOH	rusrap	2022	139810	True
Black Skinhead	Kanye West	foreignrap	2013	188010	True
надежда	Lizer	rusrap	2024	181920	True
Applause	Lady Gaga	pop	2013	212330	True
БАЙ БАЙ	LOVV66	rusrap	2022	133520	True
В ротик или на животик?	Neverlove	alternative	2024	177600	True
Yeyo!	Шайни	hyperpopgenre	2022	111750	True
YOUR OWN	Tavonis	pop	2023	143670	False
Добро пожаловать в эскорт	Neverlove	classicmetal	2024	213450	True
Turbo (Majestic)	Big Baby Tape	rusrap	2024	175610	True
SAVE DAT	Toxi$, ЕГОР КРИД	rusrap	2024	149010	True
Mother Russia	Scribby	rusrap	2024	121110	True
Танцуй	Lover	hyperpopgenre	2023	144000	True
Наполняй	TumaniYO, Miyagi	rusrap	2024	199020	False
Тост	PHARAOH, Молодой Платон	rusrap	2020	149640	True
НЕФОР	Молодой Платон, Никита Сударь, Guacamole, RavshanN	rusrap	2023	135110	True
Pretty Passenger	xxxmanera	rusrap	2023	125610	True
СЧИТАЛОЧКА	ENTYPE, Onative, MORGENSHTERN	rusrap	2023	158110	True
ХУДРИЧ	GONE.Fludd	rusrap	2024	138610	True
The Generals Corner (Country Dons) Pt.1	Country Dons, Kenny Allstar	rap	2021	204480	True
MonsterMash	BONES, Lyson	rap	2020	97830	True
HELLA PLAYERS	OBLADAET, JEEMBO	rusrap	2021	158110	True
Get Back	Pop Smoke	rap	2020	108160	True
1+1	xxxmanera	rap	2021	98870	True
Walk	Kwabs	soul	2016	214140	False
Чья Вина	PHARAOH, Ilya Konoplev	rusrap	2023	159450	True
Оружие	PIZZA	ruspop	2012	207360	False
Вороны	Xcho	rusrap	2021	156810	False
Ды-ды-дым	Каста, Хамиль, Змей	rusrap	2008	243010	True
Ice Baby	Мэйби Бэйби	ruspop	2023	118140	True
Lost Angeles	FRIENDLY THUG 52 NGG	rusrap	2023	114430	True
Вечеринка В Холмах	PHARAOH	rusrap	2022	129880	True
Last of us	Miyagi , Эндшпиль	rusrap	2024	192920	False
Пронзай	Miyagi , Эндшпиль	rusrap	2024	212300	False
Never Broke Again	xxxmanera	rusrap	2022	108060	True
Power	Kanye West	foreignrap	2010	292090	True
Снайпер	PHARAOH	rusrap	2023	162350	True
Ashes	BONES	rap	2020	119510	True
Идиот	PHARAOH, Ilya Konoplev	rusrap	2022	190050	True
20К	KUSH LOVERS	rusrap	2019	132930	True
H	Boney James	smoothjazz	2020	232240	False
So Young	Portugal. The Man	indie	2017	246480	False
Legends Are Made	Sam Tinnesz	foreignbard	2023	169750	False
Там, где я	Aarne, ALBLAK 52, Баста	rusrap	2023	151800	True
Haunted House	Aarne, Big Baby Tape, kizaru	rusrap	2023	153600	True
Дрейдл	Oxxxymiron	rusrap	2021	145540	True
ВЫСТРЕЛ	CAKEBOY	rusrap	2022	132680	True
ЧЕКИ ЦЕПИ ТРЕКИ	CAKEBOY	rusrap	2021	124270	True
WAKE UP	Эндшпиль, TumaniYO	rusrap	2023	199380	False
Прекрасное Далёко	Oxxxymiron, Брутто	rusrap	2023	204710	True
1.Kla$	Oxxxymiron	rusrap	2023	121600	True
My Babylon	Эндшпиль	rusrap	2023	233870	True
Я подарю	Эндшпиль	rusrap	2023	233630	True
Bad	Royal Deluxe	alternative	2019	193800	False
Higher	The Score	alternative	2017	214590	False
Не Могу	PHARAOH, Ilya Konoplev	rusrap	2023	152820	True
Другие Души	PHARAOH, Ilya Konoplev	rusrap	2023	133740	False
На Одну Улыбку Больше	PHARAOH	rusrap	2023	154900	True
Взглянем В Глаза Правде	PHARAOH	rusrap	2023	142290	True
Лига Опасного Интернета	Oxxxymiron	rusrap	2023	140130	True
Мятный (prod. by Shumno)	Markul, FEDUK	rusrap	2023	150670	False
Молод	Mav-d	rusrap	2023	187820	True
Бизнес класс	INSTASAMKA	ruspop	2023	127760	False
Я в деле	SLAVA MARLOW	rusrap	2022	93290	False
Люби меня	Miyagi , Эндшпиль, Sимптом	rusrap	2016	318350	True
Баланс	GONE.Fludd	rusrap	2021	125630	True
Папик	Дора, Yanix	ruspop	2023	171480	False
Рок стар	Heronwater	rusrap	2023	136640	True
The Champion	The Score	alternative	2020	159740	False
Чёрная машина	SOSKA 69	rusrap	2023	130290	True
Психопатия	Miyagi , Andy Panda	rusrap	2020	208390	False
Одаривает (Prod. by Heronwater)	Heronwater	rusrap	2022	129210	True
BABYBARS	Мэйби Бэйби	ruspop	2023	151470	True
Рискк	PHARAOH, 39	rusrap	2021	183760	True
BITE BACK!	Sxmpra, Teddy Slugz	rap	2021	190750	True
Ночь	Miyagi , Эндшпиль	rusrap	2022	188300	False
На Луне	PHARAOH	rusrap	2018	166370	False
Двигайся	Miyagi , Эндшпиль	rusrap	2016	231820	True
Весна	Lizer	rusrap	2022	155780	False
Мой Район	Элджей	rusrap	2017	149730	True
Invincible	Pop Smoke	rap	2020	127540	True
Better	Castle	indie	2023	182400	False
Колыбельная	FEDUK	ruspop	2023	212840	False
Улыбаюсь	Lizer	rusrap	2023	139130	False
Hard to Buff	Yanix, GONE.Fludd	rusrap	2020	163400	True
Ленин	Кровосток	rusrap	2025	249230	True
Тяги	INSTASAMKA	ruspop	2023	97330	False
Bugatti	Ace Hood, Future, Rick Ross	rap	2013	269260	True
Bussin	Nicki Minaj, Lil Baby	rap	2022	136760	True
УЗЫ МОБА	PHARAOH	rusrap	2018	148050	True
ДНМП	PHARAOH	rusrap	2021	162200	True
Может Расскажешь, Что Ты Чувствуешь (Главные Ворота)	PHARAOH	rusrap	2022	146310	True
Одинокая звезда	PHARAOH	rusrap	2017	194890	True
Нет Сердца	PHARAOH	rusrap	2021	186620	True
По полям	Miyagi , Эндшпиль	rusrap	2023	212890	True
Bullet	ЛСП, PHARAOH	rusrap	2015	235090	True
Без ключа	PHARAOH	rusrap	2020	159920	True
Look At Me Habibi	Rakhim	rusrap	2023	100000	False
Captain	Miyagi	rusrap	2018	214280	True
Stan	Eminem, Dido	foreignrap	2005	404080	True
Finish Line	Skillet	rock	2020	206060	False
Фрейм дата	GONE.Fludd	rusrap	2018	122500	True
Need me	Miyagi , Эндшпиль	rusrap	2022	195200	False
10М ОТ ДОМА	LOVV66	rusrap	2022	134760	True
One Desire	Jakarta	dance	2012	165790	False
Lucky Strike	Maroon 5	pop	2012	185280	False
Шестерёнка	Bumble Beezy	rusrap	2018	215660	True
Ballad	Castle, TumaniYO	indie	2023	201600	False
Born For This	The Score	alternative	2020	237370	False
In Da Club	50 Cent	foreignrap	2017	227780	True
СЭККС	LOVV66	rusrap	2021	140620	True
Ели мясо мужики	Король и Шут	folkrock	1999	134440	False
Привычка	Скриптонит, Andy Panda, 104	rusrap	2020	196450	True
Прости меня, Оксимирон	MC Хованский	rusrap	2017	162520	True
Ведьма и осёл	Король и Шут	folkrock	1999	177730	False
Burn It Down	Skillet	alternative	2017	196450	False
Камнем по голове	Король и Шут	punk	1996	157860	False
МАЙ МАЙ	LOVV66	rusrap	2023	109710	False
Мне по*уй	LOVV66, Скриптонит	rusrap	2021	168970	True
Море	Намо Миниган, Miyagi , Эндшпиль	rusrap	2013	267680	False
Трап Трап	LOVV66	rusrap	2021	129530	True
We Will Rock You	Nickelback	rock	2008	119780	False
Gangsta's Paradise	Coolio, L.V.	rap	1995	240970	False
Устрой дестрой	Noize MC, Александр «Чача» Иванов	rusrap	2010	239490	True
Legendary	Skillet	rock	2020	244530	False
The Heat	The Score	alternative	2017	221200	False
Москва любит...	Скриптонит	rusrap	2020	205670	True
Who I Am	The Score	alternative	2017	215740	False
Memories	David Guetta, Kid Cudi	edmgenre	2010	210090	False
Город под подошвой	Oxxxymiron	rusrap	2015	246500	True
ЗЕЛЕНЬ	GONE.Fludd	rusrap	2020	209530	True
Тыщатыщ	Noize MC	rusrap	2010	211240	True
Улица	Lizer	rusrap	2019	205480	False
Холостяк	ЛСП	rusrap	2018	142340	True
Сансара	Баста, Диана Арбенина, Александр Ф. Скляр, Сергей Бобунец, SunSay, Скриптонит	rusrap	2017	362710	False
JUICY	INSTASAMKA	rusrap	2021	120090	True
Мы одни	Burito	ruspop	2023	185000	False
Sexy and I Know It	LMFAO	edmgenre	2011	199520	False
Heathens	twenty one pilots	films	2016	195920	False
In My Feelings	Drake	foreignrap	2018	217920	True
Colors	KADI, Miyagi	rusrap	2018	161640	False
Летом	Кровосток	rusrap	2015	134790	True
ИСКАЛА	Земфира	rusrock	2000	214040	True
Sing For The Moment	Eminem	foreignrap	2005	340320	True
DADADA	INSTASAMKA	rusrap	2021	104470	True
Mockingbird	Eminem	foreignrap	2005	250760	True
ЗА ДЕНЬГИ ДА	INSTASAMKA	ruspop	2022	119470	False
Сквиртана	GONE.Fludd, IROH	rusrap	2023	216200	True
Туда	Эндшпиль, TumaniYO	rusrap	2023	171320	True
СТО РАЗ	INSTASAMKA	ruspop	2022	131250	False
Feeling Good	Michael Bublé	vocaljazz	2005	237330	False
Смарт	PHARAOH	rusrap	2018	147900	True
Контрольный	Макс Корж	rusrap	2019	305450	True
Back from the Dead	Skillet	alternative	2017	213580	False
Цветы в вазе	Кровосток	rusrap	2012	142050	True
Numb	Linkin Park	numetal	2003	187520	False
Wiggle	Jason Derulo, Snoop Dogg	pop	2014	193700	False
Чебурашка	Кровосток	rusrap	2021	184730	True
Somewhere I Belong	Linkin Park	numetal	2003	213930	False
Feel Invincible	Skillet	alternative	2017	229930	False
AMG	PHARAOH	rusrap	2020	171040	True
Monster	Skillet	alternative	2013	178010	False
Призрачная Леди	GONE.Fludd	rusrap	2015	226250	True
В ЧЕМ ДЕЛО, ДОК	GONE.Fludd	rusrap	2018	109650	True
Я хочу любить	Miyagi , Эндшпиль	rusrap	2018	228130	True
Believer	Imagine Dragons	rock	2017	204330	True
ПринципСуперПозиции	GONE.Fludd, IROH	rusrap	2017	331420	True
Kill La Kill	GONE.Fludd, TVETH	rusrap	2019	158490	True
ONE LOVE	GONE.Fludd	rusrap	2018	153550	True
Мотылёк	Макс Корж	rusrap	2013	236870	True
HUMANSUIT	GONE.Fludd	rusrap	2019	197590	True
Половина моя	Miyagi , Эндшпиль	rusrap	2016	240880	True
Suzuki	Элджей	rusrap	2018	185030	True
Бейба судьба	Miyagi , Эндшпиль	rusrap	2016	206590	True
DAGA BAGA	Джарахов, SQWOZ BAB	rusrap	2022	183280	True
KARI	Big Baby Tape	rusrap	2020	194400	True
Sound Of Da Police	KRS-One	dance	2000	252050	False
THE STORY OF ALISHER	Oxxxymiron	rusrap	2022	437190	True
Аквафина (prod. Airblade)	GONE.Fludd, IROH	rusrap	2017	164910	True
Bismarck	Miyagi, TumaniYO, KADI	rusrap	2019	218580	True
Fire Man	Miyagi , Эндшпиль	rusrap	2018	217440	True
I Got Love	Miyagi , Эндшпиль, Рем Дигга	rusrap	2016	276680	True
Колибри	kavabanga Depo kolibri	rusrap	2015	272320	True
Где нас нет	Oxxxymiron	rusrap	2015	265960	True
Лето, плавки, рок-н-ролл	Нервы	ukrrock	2012	156990	False
Sugar	Robin Schulz, Francesco Yates	dance	2015	219040	False
Gangsta's Paradise	Coolio, L.V.	rap	1995	241010	False
GDFR	Flo Rida, Sage The Gemini, Lookas	rap	2015	190180	False
Копы	Грибы, Sимптом	rusrap	2016	146660	True
Башня	Даня Милохин, Мумий Тролль	ruspop	2021	200000	False
Whistle	Flo Rida	rap	2012	224650	False
OVERHEAVEN	GONE.Fludd	rusrap	2022	129710	True
Хайлайт	Экспайн	rusrap	2023	174740	True
Минимум	Ямаджи, Фейджи	rusrap	2021	113580	False
Романс	PIZZA	ruspop	2016	233290	False
PUSSY BOY	ЕГОР КРИД	rusrap	2021	134290	True
Atlant	Miyagi , Andy Panda	rusrap	2020	187290	True
U Can Take	Tatarka, Little Big	dance	2017	231770	True
Just Lose It	Eminem	foreignrap	2005	248680	True
Bad Mother F*cker	mgk, Kid Rock	rap	2015	214020	True
Shake That	Eminem, Nate Dogg	foreignrap	2005	274440	True
She Wants Me Dead	Cazzette, AronChupa, The High	dance	2016	203510	False
Altyn	Tatarka	rap	2016	180880	False
Lean On	Major Lazer, MØ, DJ Snake	electronics	2018	176560	False
Arrest The President	Ice Cube	rap	2018	233720	True
За всех	MACAN	rusrap	2022	104690	True
Animals	Maroon 5	pop	2015	230160	False
Revolution	The Score	alternative	2017	231980	False
Буревестник	Miyagi , Andy Panda	rusrap	2022	246540	True
Billie Jean	Michael Jackson	alternative	1982	293960	False
Ниоткуда	Markul	rusrap	2022	132440	True
Не теряя	Miyagi , Эндшпиль	rusrap	2022	240000	False
Tous Les Mêmes	Stromae	electronics	2013	213540	False
The Fear	The Score	alternative	2019	183850	False
Якутяночка	L'One, Варвара Визбор	rap	2016	198070	False
Heat Waves	Glass Animals	indie	2021	262240	False
Shoop	Salt-N-Pepa	rap	1999	241330	False
На городской карте	25/17	rusrap	2009	202040	False
The Real Slim Shady	Eminem	foreignrap	2005	284180	True
Inferno	LeTai	rusrap	2019	193710	True
Light It Up	Major Lazer, Nyla, Fuse Odg	electronics	2018	166130	False
Way Down We Go	KALEO	indie	2016	219560	False
Приятная	Эндшпиль, Ollane	rusrap	2022	240000	False
hot girl bummer	blackbear	pop	2021	185120	True
Дайджест	Bumble Beezy	rusrap	2017	160010	True
Животные	Скриптонит	rusrap	2017	182560	True
КУБИК ЛЬДА	GONE.Fludd	rusrap	2018	140610	True
Stayin' Alive	Bee Gees	pop	2009	285370	False
FOR MULA	OBLADAET	rusrap	2021	165950	True
Фары	PIZZA	tvseries	2013	227920	False
Большая Мама	GONE.Fludd	rusrap	2021	136400	True
My Type	Saint Motel	indie	2014	204810	False
Улыбка	PIZZA	ruspop	2020	184390	False
BLIND ZONE	OBLADAET	rusrap	2021	125070	True
И ЧТОЭ	INSTASAMKA	rusrap	2021	114450	True
Мне это не нужно	kizaru	rusrap	2022	207000	True
Trenchtown	Miyagi	rusrap	2019	219500	False
Get Up	Miyagi , Andy Panda	rusrap	2019	157400	True
MONEYKEN LOVE	INSTASAMKA	rusrap	2022	136660	True
Lu4she	kizaru	rusrap	2022	134110	True
See You Again	Wiz Khalifa, Charlie Puth	films	2015	229520	False
Атомы	GONE.Fludd	rusrap	2021	105000	True
La La La	Naughty Boy, Sam Smith	pop	2014	220770	False
Bom Bom	HOFMANNITA	rusrap	2022	160000	False
Утро	Дайте танк (!)	local-indie	2016	147000	False
Life Goes On	Oliver Tree	indie	2021	161800	False
Bad boy	Marwa Loud	foreignrap	2018	187800	False
Спам	Дайте танк (!)	local-indie	2017	221000	False
Реквием Играет Тихо	GONE.Fludd	rusrap	2019	152760	True
Альтернатива	Дайте танк (!)	local-indie	2020	230830	False
Что я делаю не так?	Градусы	ruspop	2014	246040	False
Градус 100	Градусы	ruspop	2016	218320	False
От боли	LeTai	rusrap	2020	210460	False
Ride Or Die	Big Baby Tape, kizaru	rusrap	2021	184110	True
27	FEDUK	rusrap	2019	147210	True
Unstoppable	The Score	alternative	2017	192100	False
Rob A Bank	Confetti	pop	2020	173680	True
Legend	The Score	alternative	2017	189100	False
Beat It	Michael Jackson	pop	1982	419520	False
Silhouette	Miyagi , Эндшпиль	rusrap	2022	229710	True
Toca Toca	Fly Project	dance	2013	165350	False
Good Feeling	Flo Rida	rap	2012	248130	False
My Truck	Breland	country	2023	158320	False
Sucker	Jonas Brothers	pop	2019	181040	True
Хочется	Градусы	ruspop	2016	180100	False
Не жаль	104, Miyagi, Скриптонит	rusrap	2020	225090	True
Bones	Imagine Dragons	rock	2022	165260	False
BASSLINE BUSINESS	Oxxxymiron	rusrap	2022	174130	True
Praise God	Kanye West	foreignrap	2021	226650	False
Временно	Miyagi , Эндшпиль	rusrap	2022	225230	True
Быть плохим	Кровосток	rusrap	2008	117440	True
Я пиздатый	LIL MORTY	rusrap	2018	148600	True
Научиться бы не париться	Градусы	ruspop	2014	207150	False
You Don't Know Me	Jax Jones, Raye	dance	2016	213940	True
Listen to Your Heart	Miyagi , Эндшпиль	rusrap	2018	204740	True
Барбисайз	Дора, Мэйби Бэйби	ruspop	2022	184160	True
Machine	Imagine Dragons	rock	2018	181880	False
СОК	GONE.Fludd	rusrap	2021	132440	True
Свобода	Lizer	rusrap	2021	163850	False
Делают	Кровосток	rusrap	2021	164770	True
Million	Big Baby Tape, kizaru	rusrap	2021	134780	True
Вокруг шум	Каста	rusrap	2008	213210	True
CHILL	GONE.Fludd	rusrap	2021	126920	True
What A Wonderful World	Louis Armstrong	tradjazz	1998	139490	False
Get Lost	Paul Damixie	dance	2017	196220	False
Enemy	Imagine Dragons, JID, Arcane, League of Legends	rock	2022	173380	False
People Get Up And Drive Your Funky Soul	James Brown, Fred Wesley, The J.B.'s	rnb	2018	544620	False
Интеллект	GLAM GO!, CAKEBOY, Flipper Floyd, GONE.Fludd, IROH	rusrap	2019	208770	True
НЛО	Oxxxymiron, EIGHTEEN	rusrap	2022	121820	True
3D-КАТАЛОГ	GONE.Fludd	rusrap	2018	168180	True
Panda	Desiigner	rap	2016	246760	True
HandClap	Fitz , The Tantrums	indie	2017	193250	False
Порно	Кровосток	rusrap	2008	188720	True
Hey Mama	David Guetta, Afrojack, Bebe Rexha, Nicki Minaj	edmgenre	2015	192560	True
Я буду ебать	Moreart, IHI	rusrap	2020	141210	True
В книге всё было по-другому	Oxxxymiron	rusrap	2020	355470	True
Cake By The Ocean	DNCE, Joe Jonas	pop	2016	218440	True
Больной	OMNIXX	ruspop	2022	150000	True
Бейби	ЛСП	rusrap	2018	147420	True
Come On	The Notorious B.I.G., Sadat X	rap	1999	277610	True
Creep Fast	Twista, T-Pain	rap	2007	211880	True
Цепи	Скриптонит, 104	rusrap	2017	207160	True
Лаллипап	PHARAOH	rusrap	2017	162870	True
Hello	Tricky Nicki, Talberg	rap	2020	155100	True
Daddy Cool	Boney M.	pop	1976	214960	False
Никто не сможет меня остановить	25/17	rusrap	2009	253120	False
Мама	Burito	ruspop	2015	189000	False
ВУССАП!	GONE.Fludd	rusrap	2020	124600	True
Дико, например	PHARAOH	rusrap	2017	168000	True
Таблетка	PLOHOYPAREN	rusrap	2026	101690	True
Lose Yourself	Eminem	foreignrap	2005	320290	True
Думай позитивно	Кровосток	rusrap	2012	211430	True
23 февраля	Oxxxymiron	rusrap	2022	151620	True
Baby mama	Скриптонит, Райда	rusrap	2020	231570	True
Бошка	Miyagi , Эндшпиль, Brick Bazuka	rusrap	2016	300540	True
Take Me To Church	Hozier	indie	2014	241680	False
Can't Feel My Face	The Weeknd	rnb	2024	213520	False
Another One Bites The Dust	Queen	rock	2000	214620	False
Flower	Moby	electronics	1999	206300	False
Тает дым	Макс Корж	rusrap	2013	206920	False
Low	Flo Rida, T-Pain	rap	2008	231400	False
Russky Cockney	Oxxxymiron	rusrap	2011	157000	True
Dream	Imagine Dragons	alternative	2015	258060	False
Marlboro	Miyagi	rusrap	2019	243420	False
Love Me Again	John Newman	pop	2014	240280	False
Up	Cardi B	rap	2025	156940	True
Roses	SAINt JHN	dance	2019	176210	True
Moscow Calling	Gorky Park	hardrock	1992	310330	False
Сахарный человек	GONE.Fludd	rusrap	2018	165540	False
Jamm	Miyagi, TumaniYO	rusrap	2019	181280	False
OneLove	Miyagi , Эндшпиль	rusrap	2016	210240	True
Сделано в России	Oxxxymiron	rusrap	2022	149570	True
Timberlake	BONES, Juicy J	rap	2020	133720	True
Поэзия фольги	УННВ	rusrap	2012	171250	True
Как же так	LeTai	rusrap	2022	172880	False
ТАБАК	ПЕРЕУЧЕТ	alternative	2022	112050	False
Touch the Sky	Ollane, Miyagi	dance	2020	170340	True
Тентакли	Oxxxymiron	rusrap	2011	221000	True
Where Are You	Ollane, Miyagi , Andy Panda	rusrap	2021	241840	False
Gimme! Gimme! Gimme! (A Man After Midnight)	ABBA	pop	2012	290300	True
Blinding Lights	The Weeknd	rnb	2024	200040	False
Заколоченное	Баста, GUF	rusrap	2010	249490	True
Ackrite	Dr. Dre, Hittman	rap	1999	219960	True
Let Me Blow Ya Mind	Eve, Gwen Stefani	rap	2009	227780	False
Click, Clack - Get Back!	Ice Cube	rap	2006	190530	True
Gangsta Rap Made Me Do It	Ice Cube	rap	2008	281650	True
God Bless	Miyagi , Эндшпиль	rusrap	2016	208800	True
Man's Not Hot	Big Shaq	rap	2017	186020	False
You're Gonna Go Far, Kid	The Offspring	punk	2008	177810	True
Marmalade	Miyagi , Andy Panda, Mav-d	rusrap	2021	220360	False
Оттепель	Miyagi , Andy Panda, TumaniYO	rusrap	2021	241710	True
What Up Gangsta	50 Cent	foreignrap	2003	179510	True
Space Cadet	Metro Boomin, Gunna	rap	2018	203260	True
KOODA	6ix9ine	rap	2018	142580	True
Kosandra	Miyagi , Andy Panda	rusrap	2020	221370	True
2 Of Amerikaz Most Wanted	2Pac, Snoop Dogg	foreignrap	2009	246660	True
Bang Bang	Dr. Dre, Hittman, Knoc-Turn'al	rap	1999	222460	True
Батя в здании	MC Хованский	rusrap	2017	147180	True
Many Men (Wish Death)	50 Cent	foreignrap	2003	256220	True
If I Can't	50 Cent	foreignrap	2003	196640	True
Till I Collapse	Eminem, Nate Dogg	foreignrap	2002	297950	True
Body Head Anthem (feat. Mr. Magic , Choppa)	Roy Jones Jr., Mr. Magic, Choppa	rap	2004	231570	True
What's The Difference	Dr. Dre, Eminem, Xzibit	rap	1999	244260	True
Without Me	Eminem	foreignrap	2005	291210	True
Sunshine	Miyagi	rusrap	2017	196020	True
Right Round	Flo Rida, Kesha	rap	2009	204640	False
Hajime	Miyagi , Эндшпиль	rusrap	2016	211140	True
Papaoutai	Stromae	electronics	2013	231500	False
Freeman	Miyagi , Andy Panda	rusrap	2019	230220	True
Fuck the Money	Miyagi , Эндшпиль, TumaniYO	rusrap	2018	251450	True
Бабочки	Кровосток	rusrap	2025	212370	True
Yamakasi	Miyagi , Andy Panda	rusrap	2020	263590	True
Патрон	Miyagi , Andy Panda	rusrap	2021	225000	False
Блокеры	Джарахов	rusrap	2017	154300	True
МАМБЛ	GONE.Fludd	rusrap	2018	156230	True
Моя игра	Баста, GUF	rusrap	2007	334550	True
Brooklyn	Miyagi , Andy Panda, TumaniYO	rusrap	2020	193140	True
Там ревели горы	Miyagi , Andy Panda	rusrap	2020	176870	True
TRAXXXMANIA	GONE.Fludd	rusrap	2021	115960	True
Rockafeller Skank	Fatboy Slim	dance	1998	413880	False
The Magic Key	One-T	rap	2009	228700	False
Cuba Libre	Markul	rusrap	2021	174400	True
Сан-Франциско	Кар-Мэн	ruspop	1991	295080	False
Рапапам	9 грамм, Miyagi , Эндшпиль	rusrap	2016	333870	True
Stressed Out	twenty one pilots	indie	2015	202330	False
Wake Up Call	Maroon 5	pop	2015	196620	False
Round Here	Snoop Dogg	foreignrap	2006	222430	True
Cumberland Gap	David Rawlings	country	2017	175970	False
GOOBA	6ix9ine	rap	2024	132300	True
Я в моменте	Джарахов, Markul	rusrap	2021	126620	False
Du Hast	Rammstein	industrial	1997	234210	True
I Need A Dollar	Aloe Blacc	soul	2010	240970	False
Санавабич	Miyagi , Эндшпиль	rusrap	2016	185690	True
Пожар	Кровосток	rusrap	2021	131140	True
В говне	Oxxxymiron	rusrap	2011	150100	True
Hit the Road Jack	Ray Charles	rnb	1960	113040	False
Go Down Moses	Louis Armstrong	tradjazz	1958	220690	False
Мох	Oxxxymiron	rusrap	2021	126020	True
Кто ты?	Градусы	ruspop	2010	205190	False
Голая	Градусы	ruspop	2010	247400	False
Режиссер	Градусы	ruspop	2010	219350	False
Амфибия	Кровосток	rusrap	2021	284770	True
Feel Good Inc.	Gorillaz, De La Soul, Jamie Hewlett	rock	2005	224620	False
Сучка	ЛСП	rusrap	2014	194730	True
Hotline Bling	Drake	foreignrap	2016	267060	False
Положение	DIOR, samo	rusrap	2020	131350	True
Warriors	Imagine Dragons	alternative	2015	170050	False
Банановый сок	GONE.Fludd	rusrap	2018	219010	True
ЦУНАМИ	Oxxxymiron	rusrap	2021	164520	True
Everyday Normal Guy 2	Jon LaJoie	foreignrap	2009	195690	True
Партизанское радио	Oxxxymiron	rusrap	2021	165530	True
Небо поможет нам	Макс Корж	rusrap	2012	208640	False
Жук в муравейнике	Oxxxymiron	rusrap	2011	240080	True
Личное дело	Баста, GUF	rusrap	2010	229340	True
Кого-то помнишь	Кровосток	rusrap	2021	171940	True
Зашей	GONE.Fludd, IROH	rusrap	2017	195840	True
BILLY	6ix9ine	rap	2024	112660	True
Bad Boys (Theme from Cops)	Inner Circle	reggae	1987	229370	False
Wanksta	50 Cent	foreignrap	2003	219400	True
Shape of You	Ed Sheeran	pop	2024	233710	False
Безумие	ЛСП, Oxxxymiron	rusrap	2015	225500	True
rockstar	Post Malone, 21 Savage	rap	2023	218140	True
Disco Inferno	50 Cent	foreignrap	2017	212920	True
P.I.M.P.	50 Cent, Snoop Dogg	foreignrap	2003	288620	True
Горы по колено	Макс Корж	rusrap	2017	239910	False
Ruff Ryders' Anthem	DMX	rap	2010	212050	True
Radioactive	Imagine Dragons	rock	2012	188000	False
Clint Eastwood	Gorillaz, Del The Funky Homosapien	indie	2011	340920	True
2 типа людей	Макс Корж	rusrap	2019	255600	False
All The Way Up	Fat Joe, Remy Ma, French Montana, Infared	rap	2017	191900	True
The Next Episode	Dr. Dre, Snoop Dogg	rap	1999	162790	True
Fata Morgana	Markul, Oxxxymiron	rusrap	2017	183090	True
The Rain	DMX	rap	2010	207570	True
Can't Be Touched (feat. Mr. Magic , Trouble)	Roy Jones Jr., Mr. Magic, Trouble	rap	2004	214400	True
You Don't Know	Eminem, 50 Cent, Cashis, Lloyd Banks	foreignrap	2006	257900	True
Rap God	Eminem	foreignrap	2022	364010	True
Детектор лжи	Oxxxymiron	rusrap	2013	129720	True
Малый повзрослел	Макс Корж	rusrap	2016	207420	True
Not Afraid	Eminem	foreignrap	2022	248130	True
X Gon' Give It To Ya	DMX	rap	2010	217580	True
Natural	Imagine Dragons	rock	2018	189440	False
Walk	Kwabs, Fetty Wap	soul	2016	226190	False
Жить в кайф	Макс Корж	rusrap	2013	174340	False
Godzilla	Eminem, Juice WRLD	foreignrap	2022	210800	True
Where The Hood At	DMX	rap	2010	286690	True
Still D.R.E.	Dr. Dre, Snoop Dogg	rap	1999	270580	True
Killer	Eminem	foreignrap	2020	195000	True
Jump Around	House Of Pain	rap	2006	214940	False
Whatever It Takes	Imagine Dragons	rock	2017	201240	False
Astronaut In The Ocean	Masked Wolf	rap	2021	132780	True
Thunder	Imagine Dragons	rock	2017	187980	False
ЧП	Баста, GUF	rusrap	2010	315170	True
Китай	Баста, GUF	rusrap	2010	281080	True
Биография	Кровосток	rusrap	2004	186850	True
Если бы	Баста, GUF	rusrap	2010	325500	True
God's Plan	Drake	foreignrap	2018	198970	True
Happy	Pharrell Williams	pop	2014	232090	False
